名稱,建築團隊,年份,城市,國家,區域,柯本氣候,基地面積m2,基地面積為估算,基地分級,建築面積m2,建築面積出處,總樓地板m2,樓地板出處,容積率%,建物面積說明,典型單元,單元面積m2,單元面積為估算,單元分級,面積基準,戶數,戶型配比,戶型配比說明,對城市開放設施,僅住戶設施,設施說明,居住社群,營運屬性,特徵,說明,待確認事項,基地面積出處,單元面積出處,戶型配比出處,公設出處,地籍查詢,圖面資料狀態,圖面來源,來源連結
Cité de Refuge,Le Corbusier + Pierre Jeanneret,1933,Paris,法國,歐洲,Cfb,3000,是,中,,,,,,,宿舍床位／單人房（收容所）,12,是,小,估算：依戶數、樓地板與平面比例推估,收容約 280 人,,僅知收容約 280 人，未查到房型配比。,臨街接待門廊與登記大廳（對外來求助者開放）,,住戶專用設施未查到可靠來源。,無家者／收容、低收入,非營利（救世軍）,玻璃帷幕／遮陽板、清水混凝土、混合使用,救世軍收容所，1929–33 興建；南向全玻璃立面過熱，1935 與戰後陸續改造並加設遮陽板。1975 列為歷史建築。,,估算（見方法說明）,估算,Fondation Le Corbusier,Fondation Le Corbusier,"法國 cadastre.gouv.fr：12 rue Cantagrel, Paris 13e",推定含圖面,[推定] Universidad de Alcalá 畢業論文（Le Corbusier 氣候策略，PDF 附件） https://ebuah.uah.es/dspace/handle/10017/49975 | [推定] Docomomo 研討會論文（修復計畫） https://www.docomomo.pt/?p=10371,https://www.fondationlecorbusier.fr/en/work-architecture/achievements-cite-de-refuge-salvation-army-hostel-paris-france-1929-1933/
Unité d'Habitation,Le Corbusier,1952,Marseille,法國,歐洲,Csa,35000,是,大,3240,Architecture Lab（量體 135 × 24 m）,,,,投影面積由量體長寬計算；總樓地板未查到。,複層住宅（家庭型，約 3 房）,98,是,大,估算：依戶數、樓地板與平面比例推估,337 戶（23 種戶型）,,337 戶、23 種戶型，各戶型戶數未查到。,內部商店街與建築書店、對外營業旅館、餐廳 Le Ventre de l'Architecte、屋頂 MaMo 展覽中心（2013 起）,屋頂露台與跑道、兒童戲水池、幼兒學校／兒童藝術工作室、每三層一條內街,,一般家庭,公營（戰後重建）,清水混凝土、複層／跳層剖面、空中街道／內街、混合使用,"戰後為轟炸失所者興建的垂直社區，約 1,600 人；含內部商店街與屋頂公共設施。",,估算（見方法說明）,估算,ArchDaily · AD Classics,Wikipedia（Unité d'habitation 條目）,"法國 cadastre.gouv.fr：280 boulevard Michelet, Marseille",推定含圖面,[推定] ArchDaily · AD Classics https://www.archdaily.com/85971/ad-classics-unite-d-habitation-le-corbusier,https://www.archdaily.com/85971/ad-classics-unite-d-habitation-le-corbusier
Hansaviertel Apartment House,Alvar Aalto,1957,Berlin,德國,歐洲,Cfb,4000,是,中,,,,,,,2–3 房（中庭式起居室）,65,是,中,估算：依戶數、樓地板與平面比例推估,78 戶，8 層,,78 戶，各戶型戶數未查到。,底層架空穿越空間（東側坡道、西側階梯可達）,入口大廳（Aalto 天花彩繪）,底層穿越空間是否全天對外開放為推定。,一般家庭,公共計畫（Interbau 1957）,預鑄混凝土、中庭式平面／陽台,平面以起居室＋陽台為「中庭」，各房直接開向起居室，無走廊。,,估算（見方法說明）,估算,Visit Alvar Aalto,Visit Alvar Aalto,,已確認含圖面,[確認] Hidden Architecture（標註 Plans） http://hiddenarchitecture.net/hansaviertel-apartment-house/ | [推定] Arquitectura Viva https://arquitecturaviva.com/works/edificio-de-78-viviendas-en-hansaviertel-berlin,https://visit.alvaraalto.fi/en/destinations/hansaviertel-apartment-building-haus-16/ | https://navi.finnisharchitecture.fi/hansaviertel-apartment-house/
Hansaviertel Tower,Van den Broek en Bakema,1957,Berlin,德國,歐洲,Cfb,2500,是,中,480,Hansaviertel Berlin（塔樓 20 × 24 m）,,,,,3 房型跳層住宅（約 2 房）,92,否,大,來源公布，未註明淨／毛面積,73 戶，16 層（48 戶 92 m²、24 戶 36 m²）,3 房型跳層:48戶/92m2；1 房（走廊層）:24戶/36m2,來源記載共 73 戶，兩型合計 72 戶，餘 1 戶未說明。,,每條走廊南端的公共 loggia,,一般家庭,公共計畫（Interbau 1957）,複層／跳層剖面、預鑄混凝土、色彩立面,每三層一條走廊，東西兩翼錯半層；塔樓量體 20×24 m。,資料來源記載完工為 1959–60，與清單的 1957（Interbau 展年）不同。,估算（見方法說明）,Hansaviertel Berlin,Hansaviertel Berlin,Hansaviertel Berlin,,已確認含圖面,[確認] TU Delft DASH 期刊（跳層住宅平面，PDF） https://journals.open.tudelft.nl/dash/article/download/4629/4398/12580 | [推定] Hansaviertel Berlin https://hansaviertel.berlin/en/bauwerke/bartningallee-7haus-van-den-broek-bakema/,https://hansaviertel.berlin/en/bauwerke/bartningallee-7haus-van-den-broek-bakema/
Guild House,Venturi & Rauch（with Cope & Lippincott）,1963,Philadelphia,美國,北美,Cfa,2500,是,中,,,6132,"VSBA 專案資料（66,000 sf）",245,,Efficiency（studio）,35,是,小,估算：依戶數、樓地板與平面比例推估,"91 戶，6 層，總樓地板約 66,000 sf",Efficiency（主要）:未查到戶；1 房:未查到戶；2 房（少數）:未查到戶,Hidden City Philadelphia 記載以 efficiency 為主、少數 2 房；各型戶數未查到。,,頂層交誼廳（拱窗）、2000 年代增設：社工辦公室、健康活動室、洗衣間,,高齡者、低收入,非營利（貴格會組織）,磚造立面、後現代符號,低收入高齡者住宅；頂層拱窗為公共交誼廳。原設計即考慮輪椅通行。,,估算（見方法說明）,估算,Hidden City Philadelphia；VSBA,VSBA · Guild House,Philadelphia Atlas：711 Spring Garden St,已確認含圖面,[確認] VSBA 專案資料（含典型住戶平面，PDF） http://venturiscottbrown.org/pdfs/GuildHouse01.pdf,https://www.vsba.com/projects/guild-house-rehabilitation | http://venturiscottbrown.org/pdfs/GuildHouse01.pdf
Habitat 67,Moshe Safdie,1967,Montreal,加拿大,北美,Dfb,40000,是,大,,,22160,"Architecture Lab（238,000 ft²）",55,,雙模組住宅（約 2 房）,110,是,大,估算：依戶數、樓地板與平面比例推估,158 戶（現因合併約 146 戶），15 種戶型，365 個模組,1 房（1 模組）:未查到戶/56m2；4 房（最大）:未查到戶/167m2,"官方僅公布戶型面積範圍 600–1,800 sf（約 56–167 m²），各型戶數未查到；平均每戶約 2.3 個模組，因此以 2 模組（約 110 m²）作為典型值。",,立體步行街（每四層一條，局部放寬為兒童遊戲區）、各戶屋頂花園（約 20–90 m²，私有）、室內停車與訪客停車,,一般家庭,公營開發（Expo 67），後轉私有,預鑄／模組化、清水混凝土、屋頂花園,世博加拿大館；以預鑄混凝土盒體堆疊，每戶皆有屋頂花園。,,估算（見方法說明）,推算（官方面積範圍＋模組數）,Safdie Architects 官網,Safdie Architects 官網,,推定含圖面,[推定] ArchDaily · Architecture Classics https://www.archdaily.com/404803/ad-classics-habitat-67-moshe-safdie | [推定] Moshe Safdie Archive（McGill） https://cac.mcgill.ca/moshesafdie/fullrecord.php?ID=10816&d=1,https://www.safdiearchitects.com/projects/habitat-67 | https://www.archdaily.com/404803/ad-classics-habitat-67-moshe-safdie
Hillside Terrace（Phases I–VI）,Fumihiko Maki,1969–1992,Tokyo,日本,東亞,Cfa,7000,是,中,,,,,,,2LDK,80,是,中,估算：依戶數、樓地板與平面比例推估,住宅＋店鋪＋藝廊，分期興建,,全區戶數未查到；其中 1977 年完成的一棟住宅為 15 戶、55.59–131.05 m²（Japan Property Central）。,Hillside Plaza（地下展覽空間，地面為開放廣場）、藝廊、媒體活動中心、茶室、室內水庭、沿街店鋪與餐廳,,住戶專用設施未查到。,一般家庭,私營（地主家族委託）,分期漸進開發、混合使用、群造形 collective form,沿舊山手通分七期、約三十年完成的低層街區，公共空間與住宅交織。,,估算（見方法說明）,估算,a+t research group,Harvard GSD UDCSA；GLT Japan,,推定含圖面,[推定] Harvard GSD 都市設計案例庫（UDCSA） https://udcsa.gsd.harvard.edu/projects/14 | [推定] a+t research group https://aplust.net/blog/fumihiko_maki_hillside_terrace_shibuya_tokio_japn/,https://aplust.net/blog/fumihiko_maki_hillside_terrace_shibuya_tokio_japn/
Robin Hood Gardens,Alison & Peter Smithson,1972,London,英國,歐洲,Cfb,15000,否,大,,,,,,,2–6 房複層（maisonette）,70,是,中,估算：依戶數、樓地板與平面比例推估,213 戶，兩棟（10 層／7 層）,地面層高齡者公寓:38戶；2–6 房複層:176戶,Municipal Dreams 記載共 214 戶（38 戶高齡者＋其餘複層），與常見的 213 戶差 1 戶；各房數戶數未查到。,,中央花園與土丘、每三層的空中街道（兼兒童遊戲）、地下「護城河」停車（約 70% 戶數）、沿路 3 m 隔音牆,,社會住宅／低收入、高齡者,公營（市議會住宅）,空中街道／內街、預鑄混凝土、野獸派、已拆除,「空中街道」理論的實踐；中央以營建土方堆成小丘。2017 年起拆除。,,Wikipedia 記 1.5 ha；Architectuul 記約 2 ha（取較小值）,估算,Municipal Dreams（住宅史研究部落格）,Twentieth Century Society,,推定含圖面,[推定] ArchDaily · AD Classics https://www.archdaily.com/150629/ad-classics-robin-hood-gardens-alison-and-peter-smithson,https://www.archdaily.com/150629/ad-classics-robin-hood-gardens-alison-and-peter-smithson | https://c20society.org.uk/lost-modern/robin-hood-gardens-poplar-london
Kanchanjunga Apartments,Charles Correa,1983,Mumbai,印度,南亞,Aw,2500,是,中,441,Charles Correa Foundation（21 × 21 m）,6500,ArchEyes,260,,3 房＋4 房互鎖複層（基本組合）,180,是,大,估算：依戶數、樓地板與平面比例推估,32 戶，4 種戶型（3–6 房），塔樓 21 × 21 m、約 84 m 高,3–6 房複層（四種戶型）:32戶,基本單元為 3 房與 4 房複層互鎖，較大的 5、6 房戶再加半層而成；各型戶數未查到。,,,除各戶私人挑高花園外，未查到共用設施資料。,高收入,私營,複層／跳層剖面、雙層挑高花園陽台、氣候回應／自然通風,東西向配置以迎海風並取景，以挑高花園陽台轉譯傳統 veranda。,,估算（塔樓投影 21 × 21 m 為官方數據，外圍基地為推估）,估算,Charles Correa Foundation；Architexturez,ArchDaily · AD Classics,,已確認含圖面,[確認] Architectural References 圖面集（Planset PDF） https://architecturalreferences.online/wp-content/uploads/2023/07/Planset_Kanchanjunga-Apartments_RE.pdf | [推定] ArchDaily · AD Classics https://www.archdaily.com/151844/ad-classics-kanchanjunga-apartments-charles-correa,https://charlescorreafoundation.org/2022/03/13/kanchanjunga/ | https://www.archdaily.com/151844/ad-classics-kanchanjunga-apartments-charles-correa
Nemausus,Jean Nouvel（Atelier Jean Nouvel）+ Jean-Marc Ibos,1987,Nîmes,法國,歐洲,Csa,8000,是,中,,,10300,研究簡報（USP 課程，引 Jean Nouvel 資料）,129,,loft 型複層（simplex／duplex／triplex）,110,否,大,官方文化資產登錄記載的居住面積，不含露台,114 戶，17 種戶型，90–160 m²,,17 種戶型（simplex、duplex、triplex）的各別戶數未查到。,,架空層停車（139 位）、北側外廊與外梯、兩棟間保留原倉庫的法國梧桐中庭,,社會住宅／低收入,公營（HLM）,工業材料／金屬、懸挑外廊、高腳柱停車,以鋼、鋁、浪板等工業材料壓低成本，換取比一般 HLM 大約 30% 的室內面積。,,估算（見方法說明）,法國文化部 POP（110 m² loft，附 15 m² 露台）,法國文化部 POP；tema.archi,Cité de l'architecture 模型說明；fr.wikipedia,,已確認含圖面,[確認] 聖保羅大學課程資料（複層／三層戶平面與剖面，PDF） https://edisciplinas.usp.br/pluginfile.php/7093366/mod_folder/content/0/31.%20Nemausus.pdf,https://www.jeannouvel.com/en/projects/nemausus/ | https://architectuul.com/architecture/nemausus | https://pop.culture.gouv.fr/notice/merimee/ACR0001113
Nexus World Housing,OMA（Rem Koolhaas）,1991,Fukuoka,日本,東亞,Cfa,4000,是,中,,,,,,,3 室三層透天（約 2 房）,105,否,大,來源公布（Floor Plan Manual Housing），含三層樓地板,24 戶（2 × 12），3 層,3 室:未查到戶/105m2；4 室:未查到戶/156.5m2；5 室:未查到戶/164m2；6 室:未查到戶/223m2,共 24 戶（2 棟 × 12），各型戶數未查到；3、5 室各有兩種面積，表中取平均。,,,以各戶私人垂直中庭為主，未查到共用設施。,一般家庭,私營（福岡地所）,私人垂直中庭、波浪屋頂、合院式低層高密,戶型 3 室 102.5／108.5 m²、4 室 156.5 m²、5 室 150.5／179 m²、6 室 223 m²；本表以最小戶型示意。,,估算（見方法說明）,Building Types Online (Birkhäuser),Building Types Online (Birkhäuser),Building Types Online (Birkhäuser),,已確認含圖面,[確認] Building Types Online（Birkhäuser，含平剖面） https://bdt.degruyter.com/?p=19535,https://bdt.degruyter.com/?p=19535
Saishunkan Seiyaku Women's Dormitory,Kazuyo Sejima,1991,Kumamoto,日本,東亞,Cfa,1223,否,小,851,熊本縣 Artpolis 資料,1254,熊本縣 Artpolis 資料,103,,4 人寢室（最小尺寸，開向露台）,20,是,小,估算：依戶數、樓地板與平面比例推估,80 人,,容納 80 人，寢室為 4 人房（約 20 間，依人數推算），廚房為中央 3 個獨立量體。,,兩棟寢室間的挑高共享起居空間、中央 3 個廚房量體、浴室（位於 5 個結構核內）、二樓入口、接待、客房與交誼區、管理辦公室、露台,,企業宿舍（女性新進員工）、青年／單身,私營（企業）,共享大廳、鋼構＋RC,"兩條 45 × 4.5 m 寢室棟夾出 9 m 寬共享起居大空間；總樓地板 1,254 m²。",,熊本縣 Artpolis 資料（PDF）,估算；房型依 Arquitectura Viva,熊本縣 Artpolis 資料（PDF）,Arquitectura Viva；熊本縣資料,,已確認含圖面,[確認] Arquitectura Viva https://arquitecturaviva.com/works/residencia-de-mujeres-saishunkan-seiyaku-kumamoto-1,https://www.pref.kumamoto.jp/uploaded/attachment/42858.pdf
El Raval Housing（Carrer del Carme）,Josep Antoni Llinàs,1996,Barcelona,西班牙,歐洲,Csa,1000,是,小,,,4000,archiweb,400,,2 房,55,是,中,估算：依戶數、樓地板與平面比例推估,"總樓地板約 4,000 m²",,戶數未查到，來源僅說明以小型 2 房為主。,兩層高臨街商業基座,基座屋頂（來源指出未被使用）,,社會住宅／低收入,公營（舊城更新）,歷史街區填充、量體切分引光,將法規容積拆成三個塊體，讓狹窄街道與住戶取得更多光線。,資料顯示 1994–95 完工、1995 獲巴塞隆納市獎，與清單的 1996 略有出入。,估算（見方法說明）,估算,archiweb,archiweb,,推定含圖面,[推定] archiweb https://archiweb.cz/en/b/bytovy-dum-calle-del-carme,https://archiweb.cz/en/b/bytovy-dum-calle-del-carme
WoZoCo Apartments,MVRDV,1997,Amsterdam,荷蘭,歐洲,Cfb,4000,是,中,,,7500,MVRDV 專案說明（architravel 轉載）,188,,1 房,60,是,中,估算：依戶數、樓地板與平面比例推估,100 戶（其中 13 戶懸挑）,板樓內住戶:87戶；北立面懸挑住戶:13戶,依位置分；另有四種室內戶型，各型戶數未查到。,保留為開放綠地的地面層,一樓大廳與公共空間,,高齡者（55+）,非營利（住宅協會 Het Oosten）,大懸挑、色彩立面,日照規範只容 87 戶於板樓內，其餘 13 戶懸挑於北立面以保留地面綠地。,,估算（見方法說明）,估算,ArchDaily · AD Classics,ArchDaily · AD Classics,"荷蘭 Kadaster／PDOK：Reimerswaalstraat 1, Amsterdam",推定含圖面,[推定] ArchDaily · AD Classics https://www.archdaily.com/115776/ad-classics-wozoco-mvrdv | [推定] NC State 住宅案例研究（PDF） https://outreach.design.ncsu.edu/ah+sc/wp-content/uploads/2013/06/6.MVRDV_WOZOCO-Apartments.pdf,https://www.archdaily.com/115776/ad-classics-wozoco-mvrdv
Kitagata Apartment Block（Sejima Wing）,Kazuyo Sejima,2000,Gifu,日本,東亞,Cfa,93943,否,大,,,,,,妹島棟單棟面積未查到；妹島本人演講稱南區以每戶約 70 m² 重建 430 戶。,2DK＋和室（33 種戶型之一）,70,否,中,估算：依戶數、樓地板與平面比例推估,107 戶，10 層,複層（含內梯）:36戶；其他（含挑高戶）:71戶,妹島棟共 33 種戶型；約三分之一為複層、約半數含挑高空間，表中戶數依比例推算。,,各棟圍合的集體中庭、架空層停車,,社會住宅／低收入,公營（岐阜縣營住宅）,單房進深板樓、穿透式陽台、複層／跳層剖面,磯崎新總體規劃、四位女性建築師分區設計；戶型由獨立房間自由組合。,,"岐阜縣住宅課（整個北方住宅團地 93,943.3 m²，妹島棟未單獨劃分）",妹島和世演講紀錄（南區每戶約 70 m²）,Arquitectura Viva,Arquitectura Viva,,已確認含圖面,[推定] Arquitectura Viva https://arquitecturaviva.com/works/edificio-de-apartamentos-gifu-kitagata-gifu-3 | [推定] NC State 住宅案例研究（PDF） https://outreach.design.ncsu.edu/ah+sc/wp-content/uploads/2013/06/9.Saana_Gifu.pdf | [確認] 妹島和世演講紀錄（33 種戶型中 9 種平面） https://www.tozai-as.or.jp/mytech/01/01_sejima02.html,https://arquitecturaviva.com/works/edificio-de-apartamentos-gifu-kitagata-gifu-3 | https://www.pref.gifu.lg.jp/page/3346.html | https://www.tozai-as.or.jp/mytech/01/01_sejima02.html
Hoge Heren,Wiel Arets Architects,2001,Rotterdam,荷蘭,歐洲,Cfb,5500,是,中,,,38840,Wiel Arets Architects,706,,2–3 房轉角戶,100,是,大,估算：依戶數、樓地板與平面比例推估,約 285–290 戶，雙塔 34 層,,約 285–290 戶，標準層每層 5 戶，戶型配比未查到。,底層 grand café,泳池、三溫暖、健身中心、景觀大廳、屋頂露台,,高收入,私營（投資型租賃）,黑色預鑄混凝土、高層住宅、共享設施（泳池）,"外牆為橡膠模製出卵石紋理的黑色混凝土板；樓地板約 38,840 m²。",,估算（見方法說明）,估算,Wiel Arets Architects,Wiel Arets Architects,"荷蘭 Kadaster／PDOK：Gedempte Zalmhaven, Rotterdam",已確認含圖面,[確認] Building Types Online（Birkhäuser，含平剖面） https://bdt.degruyter.com/?p=19630,https://www.wielaretsarchitects.com/en/projects/hoge_heren/ | https://www.architectureguide.nl/project/item/prj_id/451/alfa/H
Yerba Buena Lofts,Stanley Saitowitz｜Natoma Architects,2001,San Francisco,美國,北美,Csb,4500,是,中,,,,,,,1 房挑高 loft,100,是,大,美國租售面積：量至外牆或牆中心，含戶內隔間與衛浴，不含公共走廊與陽台,200 戶，約 74–139 m²,loft（8 種戶型，74–139 m²）:179戶；附大露台戶:21戶,共 200 戶，其中 21 戶附露台；其餘依 8 種戶型分布，各型戶數未查到。,底層工作空間,24 小時門廳、室內停車,,青年／單身、一般家庭,私營,清水混凝土、U 型玻璃（channel glass）、挑高 loft,混凝土格架內交替嵌入兩層高玻璃凸窗與陽台；以飛模工法加速施工。,,估算（見方法說明）,估算,Architecture News Plus,Architecture News Plus,,推定含圖面,[推定] Praxis 期刊第 3 期（PDF） https://www.praxisjournal.net/praxite/PRAXIS_ARCHIVE/_issue%203/Disk%201/PDF/Saitowitz.pdf,https://architecturenewsplus.com/projects/852
Quinta Monroy,Elemental（Alejandro Aravena）,2004,Iquique,智利,南美,BWh,5025,否,中,,,3500,ArchDaily（Constructed Area）,70,"另一來源記 3,620 m²（93 戶）。",半棟住宅（初始 1 房，可擴至 3 房）,36,否,小,初始建成面積，不含住戶日後自建擴充,93 戶,初始獨棟（可擴至約 70 m²）:未查到戶/36m2；初始複層（可擴至約 72 m²）:未查到戶/25m2,共 93 戶，兩種戶型的各別戶數未查到。,,四個共用中庭（每個約 20 戶）,,非正式聚落居民、社會住宅／低收入,公營補助（Chile Barrio）,漸進式住宅／自建、混凝土＋水泥磚,初始 36 m²，住戶自行擴建至約 70–72 m²；原地安置，不遷往郊區。,,ArchDaily,ArchDaily,ArchDaily,ArchDaily,,推定含圖面,[推定] ArchDaily https://www.archdaily.com/10775/quinta-monroy-elemental | [推定] Arquitectura Viva https://arquitecturaviva.com/works/viviendas-quinta-monroy-1,https://www.archdaily.com/10775/quinta-monroy-elemental | https://arquitecturaviva.com/works/viviendas-quinta-monroy-1
Schots 1 & 2（CiBoGa Terrain）,S333 Architecture + Urbanism,2004,Groningen,荷蘭,歐洲,Cfb,13000,否,大,,,,,,,2 房公寓,80,是,中,估算：依戶數、樓地板與平面比例推估,"145 戶＋4,500 m² 商業",Schots 1 玻璃立面公寓:101戶；Schots 2 住宅（推算）:44戶,Schots 2 戶數由總數 145 減去 Schots 1 推算。,"兩間超市、商店與咖啡廳（4,500 m² 商業）、Schots 2 中庭 Monnikhof（全天對外開放）、兒童遊戲場、地下停車（300 位）",Schots 1 中庭 De Beren（僅住戶）、屋頂社區花園、冬季花園,,一般家庭、社會住宅／低收入,公私合作（30% 社會租賃）,抬升中庭／地下停車、玻璃立面＋木構立面、永續更新示範,舊煤氣廠污染地，深挖後改為地下停車；Schots 1 玻璃包覆、Schots 2 木構包覆。,資料記載 2003 年完工。,CMA+U（原 S333 團隊）,估算,CMA+U（原 S333 團隊）,CMA+U（原 S333 團隊）,"荷蘭 Kadaster／PDOK：Bloemsingel／Korreweg, Groningen",推定含圖面,[推定] TU Delft DASH 期刊 https://journals.open.tudelft.nl/dash/article/view/4532 | [推定] Building Types Online https://bdt.degruyter.com/?p=18846,https://cma-u.com/?p=822 | https://bdt.degruyter.com/?p=18846
VM Houses,PLOT（BIG + JDS）,2005,Copenhagen,丹麥,歐洲,Cfb,12000,是,大,,,25000,BIG（german-architects 轉載）,208,,2 房,85,是,中,估算：依戶數、樓地板與平面比例推估,230 戶（M 棟 95 戶、V 棟 114 戶）,M 棟:95戶；V 棟:114戶,兩棟合計 209 戶，與總數 230 戶的差距來源未說明；戶型約有 80 種變化，配比未查到。,V 棟架空 5 m，中庭向南側公園開放,兩棟間的共用中庭,,一般家庭、青年／單身,私營,複層／跳層剖面、三角陽台、短走廊雙向採光,"以 Unité 為原型改寫：走廊短且兩端採光，每戶北側皆有挑高空間。總樓地板約 25,000 m²。",,估算（見方法說明）,估算,ArchDaily,ArchDaily,,推定含圖面,[推定] ArchDaily https://www.archdaily.com/970/vm-houses-plot-big-jds,https://www.archdaily.com/970/vm-houses-plot-big-jds
Tietgen Dormitory（Tietgenkollegiet）,Lundgaard & Tranberg,2006,Copenhagen,丹麥,歐洲,Cfb,11000,是,大,,,26515,ArchDaily,241,,學生單人房（含私人衛浴）,29,否,小,房間面積含私人衛浴，不含 12 人共用的廚房與交誼室,360 間，約 400 名學生,單人房（26／29／33 m² 三種）:330戶/29m2；雙人房（2 房）:30戶/45m2,單人房三種尺寸的各別間數未查到。,,咖啡廳、禮堂、自習室與電腦室、工作坊、音樂室與會議室、洗衣間、單車停車、每 12 人共用廚房、交誼室與露台、中央庭院,地面層設施供全棟住戶使用，未查到對外開放的說明。,學生,非營利（Nordea 基金會捐建）,圓形合院（土樓）、銅合金＋橡木立面、共享廚房／交誼,"每 12 間組成一個生活群，共用廚房與交誼室朝內院懸出。樓地板約 26,515 m²。",,估算（見方法說明）,Tietgenkollegiet 官網,Tietgenkollegiet 官網,Wikipedia；官網,,已確認含圖面,[確認] Tietgenkollegiet 官網（各房型平面） https://tietgenkollegiet.dk/en/the-dorm/ | [推定] ArchDaily https://www.archdaily.com/474237/tietgen-dormitory-lundgaard-and-tranberg-architects,https://tietgenkollegiet.dk/en/the-dorm/ | https://www.archdaily.com/474237/tietgen-dormitory-lundgaard-and-tranberg-architects
Carabanchel Housing,Dosmasuno Arquitectos,2007,Madrid,西班牙,歐洲,Csa,5000,是,中,,,,,,,1 房,50,是,中,估算：依戶數、樓地板與平面比例推估,102 戶（1 房 52／2 房 35／3 房 15）,1 房:52戶；2 房:35戶；3 房:15戶,各戶型面積未查到。,,L 形量體圍合的庭院,庭院使用對象為推定。,社會住宅／低收入,公營（社會住宅）,預鑄／模組化、鋁模一次澆置、懸挑附加房、金屬網遮陽,以相同核心單元重複 102 次，再以輕鋼構懸挑房間擴成 2、3 房。,,估算（見方法說明）,估算,Dezeen,Dezeen,,推定含圖面,[推定] Dezeen https://www.dezeen.com/2008/10/09/102-dwellings-by-dosmasuno/,https://www.dezeen.com/2008/10/09/102-dwellings-by-dosmasuno/
Space Block Hanoi Model,Kazuhiro Kojima（C+A）,2003,Hanoi,越南,東南亞,Cwa,272,否,小,246.6,Japan Architect,466.71,Japan Architect,172,,立體組合住宅單元,74,否,中,來源公布（Japan Architect）,6 戶，約 30 人,立體組合住宅:6戶,6 戶，面積 74–121 m²。,,立體穿插的庭院與露台,,實驗／研究住宅,學術研究（大學校地）,50% 孔隙率、自然通風／CFD 模擬、RC 空間塊體,以河內 36 街老城長條街屋為原型、目標千人／公頃且不依賴空調。單元面積 74–121 m²。,資料記載 2003 年完工，與清單的 2007 不同。,C+A 事務所,C+A 事務所,C+A 事務所,C+A 事務所,,已確認含圖面,[確認] Building Types Online（Birkhäuser，含平剖面） https://bdt.degruyter.com/?p=19661,https://c-and-a.co.jp/en/projects/space-blocks-hanoi-model/ | https://backnumber.japan-architect.co.jp/english/2maga/ja/ja0049/work/02-01.html
Rainbow Apartments,Michael Maltzan Architecture,2006,Los Angeles,美國,北美,Csa,2500,是,中,,,,,,,Studio,30,是,小,估算：依戶數、樓地板與平面比例推估,88 戶，6 層,,88 戶（另有來源寫 89 戶），皆為小型支持性住宅單元。,,抬升的 U 形中庭、共享廚房、菜園、洗衣間、休閒室,,無家者／支持性住宅,非營利（Skid Row Housing Trust）,U 形抬升中庭、共享廚房／交誼,Skid Row 核心區首批新建永久支持性住宅之一。,資料記載 2006 年完工，與清單的 2007 略有出入。,估算（見方法說明）,估算,Michael Maltzan Architecture,Michael Maltzan Architecture,LA ZIMAS：以案名查得地址後輸入,推定含圖面,[推定] Harvard JCHS Maltzan 講座簡報（PDF） https://www.jchs.harvard.edu/sites/default/files/media-files/2020-10/Michael_Maltzan_Dunlop_Lecture_2020_Presentation.pdf,https://www.mmaltzan.com/?p=579
De Eekenhof Housing Complex,Claus en Kaan Architecten,2008,Enschede,荷蘭,歐洲,Cfb,4200,否,中,,,10900,ArchDaily,260,"競圖資料另記總面積 13,504 m²（其中住宅 5,467 m²）。",2–3 房公寓,76,是,中,"由住宅總面積 5,467 m² ÷ 72 戶推算的平均值",72 戶＋照護住宅,一般住宅:72戶/76m2,另有約 901 m² 附照護服務的住宅，戶數未查到。,健康中心（Gezondheidscentrum）,,,一般家庭、高齡／照護,非營利（住宅公司 Domijn）,磚造雕塑性量體、災後重建街區,位於 2000 年煙火爆炸災區 Roombeek 的重建核心。,案名實為 De Eekenhof，位於 Enschede，並非 Hoogvliet。,ArchDaily,估算,ArchDaily,ArchDaily,,推定含圖面,[推定] ArchDaily https://www.archdaily.com/36446/de-eekenhof-claus-en-kaan-architekten,https://www.archdaily.com/36446/de-eekenhof-claus-en-kaan-architekten
Madrid Social Housing（Carabanchel 141）,Morphosis,2008,Madrid,西班牙,歐洲,Csa,8000,是,中,,,21999,archiweb,275,"Arquitectura Viva 記 10,389 m²，可能僅計住宅部分。",2 房,70,是,中,估算：依戶數、樓地板與平面比例推估,141 戶（2–4 房）,,141 戶，2–4 房，配比未查到。,,"中央景觀步道 paseo（取代門廳）、中型庭院、約 3,000 m² 中央庭園",Arquitectura Viva 稱中央庭園為公共空間，但實際是否對外開放未查到。,社會住宅／低收入,公營（EMVS）,地景格柵／立體綠化、村落式低層＋板樓、遮陽,低層「村落」兩側配長條板樓，植栽攀爬立面以降低夏季溫度。,資料多記載 2006–07 完工。,估算（見方法說明）,估算,Arquitectura Viva,Arquitectura Viva,,推定含圖面,[推定] Arquitectura Viva https://arquitecturaviva.com/works/viviendas-en-carabanchel-madrid-,https://arquitecturaviva.com/works/viviendas-en-carabanchel-madrid-
Timberyard Social Housing,O'Donnell + Tuomey,2009,Dublin,愛爾蘭,歐洲,Cfb,2300,是,中,,,3800,Arquitectura Viva,165,,2 房,75,是,中,估算：依戶數、樓地板與平面比例推估,47 戶＋社區空間,,47 戶，戶型配比未查到。,臨街社區活動室、穿越三角中庭的兩條新人行通道、東側聖母洞窟小徑,窗邊座椅與冬季花園面向的中庭,,社會住宅／低收入,公營（都柏林市議會）,磚造、三角形共享中庭、硬木窗扇／屏,"以原木材場為核心形成三角形中庭；建築面積約 3,800 m²。",,估算（見方法說明）,估算,ArchDaily,ArchDaily,,推定含圖面,[推定] ArchDaily https://www.archdaily.com/240896/timberyard-social-housing-odonnell-tuomey-architects | [推定] Arquitectura Viva https://arquitecturaviva.com/works/viviendas-sociales-timberyard-1,https://www.archdaily.com/240896/timberyard-social-housing-odonnell-tuomey-architects
IJburg Block 23 Housing,VMX Architects,2005,Amsterdam,荷蘭,歐洲,Cfb,3000,是,中,,,6800,archiweb,227,,附花園透天（約 3 房）,130,是,大,估算：依戶數、樓地板與平面比例推估,25 棟透天＋28 戶公寓,透天住宅（附花園）:25戶；公寓（含 8 戶頂層複層）:28戶,公寓共 8 種戶型。,,內院、汽車升降停車,,一般家庭,私營,汽車升降機、內院＋雙向採光、人工島,"把郊區「有花園、有車位」的需求放進都市街廓；總面積約 6,800 m²。",資料記載 2003–05 完工，與清單的 2009 不同。,估算（見方法說明）,估算,archiweb,archiweb,"荷蘭 Kadaster／PDOK：Maria Austriastraat 624, Amsterdam",推定含圖面,[推定] TU Delft DASH 期刊（Blok 23 & 24，PDF） https://journals.open.tudelft.nl/dash/article/download/4531/4339/12385,https://www.archiweb.cz/en/b/bytovy-blok-ijburg-23
New Carver Apartments,Michael Maltzan Architecture,2009,Los Angeles,美國,北美,Csa,1800,是,小,,,4924,"ARCHITECT Magazine（53,000 sf）",274,,Studio,28,否,小,美國租售面積：量至外牆或牆中心，含戶內隔間與衛浴，不含公共走廊與陽台,97 戶（每戶約 304 sf）,Studio:97戶/28m2,,,共享廚房與花園、諮商室與社工辦公室、中庭大階梯、屋頂露台,,無家者／支持性住宅、高齡者、身心障礙,非營利（Skid Row Housing Trust）,圓筒形量體、金屬鰭片、高速公路噪音回應,緊鄰 10 號高速公路，鋸齒立面讓窗戶斜向避開噪音；中庭為社交核心。,,估算（見方法說明）,ARCHITECT Magazine,ARCHITECT Magazine,ARCHITECT Magazine,"LA ZIMAS：1624 S Hope St, Los Angeles",已確認含圖面,[確認] Harvard JCHS Maltzan 講座簡報（地面層與標準層平面，PDF） https://www.jchs.harvard.edu/sites/default/files/media-files/2020-10/Michael_Maltzan_Dunlop_Lecture_2020_Presentation.pdf,https://www.architectmagazine.com/design/buildings/new-carver-apartments_o/
8 House,BIG（Bjarke Ingels Group）,2010,Copenhagen,丹麥,歐洲,Cfb,30000,是,大,,,61000,ArchDaily,203,"另有來源記住宅 61,000 m²＋商辦 10,000 m²。",2 房,90,是,中,估算：依戶數、樓地板與平面比例推估,"476 戶＋10,000 m² 商辦",透天式住宅:未查到戶；頂層花園住宅:未查到戶；一般公寓:未查到戶,共 476 戶，三類各別戶數未查到。,商店、咖啡廳、餐廳與辦公、幼兒園、連續坡道步道（可步行、騎車上 10 樓）,約 500 m² 中央共用設施、兩個中庭,坡道步道的開放程度為推定。,一般家庭、高齡者、青年／單身,私營,連續坡道／自行車道、綠屋頂、混合使用,"坡道可騎單車直上 10 樓，串連排屋、公寓與頂層住宅。總樓地板 61,000 m²。",,估算（見方法說明）,估算,ArchDaily,ArchDaily,,推定含圖面,[推定] ArchDaily https://www.archdaily.com/83307/8-house-big,https://www.archdaily.com/83307/8-house-big
Apartment in Nerima,Go Hasegawa & Associates,2010,Tokyo,日本,東亞,Cfa,400,是,小,,,1054.26,Go Hasegawa & Associates,264,,1LDK＋大露台,50,是,中,估算：依戶數、樓地板與平面比例推估,集合住宅＋店鋪＋辦公,,戶數未查到。,店鋪、辦公空間,,住戶專用設施未查到。,青年／單身,私營,每戶獨特大露台、混合使用,"總樓地板 1,054 m²；每戶配置形狀各異的大露台。",,估算（見方法說明）,估算,Go Hasegawa & Associates,Go Hasegawa & Associates,,推定含圖面,[推定] Go Hasegawa & Associates https://ghaa.co.jp/works/apartment-in-nerima/,https://ghaa.co.jp/works/apartment-in-nerima/
Manresa Housing,Pich-Aguilera ／ Lola Domènech,2011,Manresa,西班牙,歐洲,Csa,2000,是,中,,,7347,Metalocus（Domènech 案）,367,"Pich-Aguilera 案為 8,504 m²。",2 房,60,是,中,估算：依戶數、樓地板與平面比例推估,44 戶社會住宅（Domènech 案，45–90 m²）,社會住宅（45–90 m²）:44戶,,商業空間、公共停車場、周邊公共廣場,,,社會住宅／低收入,公營（舊城更新）,被動式節能／免空調、太陽能,兩位建築師在 Manresa 各有一件住宅案（Pich-Aguilera 2013、Domènech 2012 完工），本列暫以 Domènech 案數據填寫。,清單將兩位建築師並列，但查到的是兩件獨立作品，請確認要分析哪一件。,估算（見方法說明）,估算,ArchDaily · Pich-Aguilera,ArchDaily · Pich-Aguilera,,推定含圖面,[推定] ArchDaily · Pich-Aguilera https://www.archdaily.com/503816/housing-and-urban-development-project-in-manresa-pich-aguilera-architects | [推定] Metalocus · Lola Domènech https://www.metalocus.es/en/news/social-housing-old-quarter-manresa,https://www.archdaily.com/503816/housing-and-urban-development-project-in-manresa-pich-aguilera-architects | https://www.metalocus.es/en/news/social-housing-old-quarter-manresa
Via Verde,Grimshaw + Dattner Architects,2012,New York（Bronx）,美國,北美,Cfa,5570,否,中,,,27871,"Architectural Record（300,000 sf）",500,,2 房,80,是,中,估算：依戶數、樓地板與平面比例推估,222 戶（151 戶低收入）,低收入租賃:151戶；中等收入出售（co-op）:71戶,依收入分；建築型態分為透天、中層複層與 20 層塔樓，各型戶數未查到。,臨街零售、社區健康中心、北側廣場（每週兩次農夫市集）、live-work 單元,中央庭園、可種植的階梯屋頂花園、健康中心／健身空間,,混合收入、社會住宅／低收入,公私合作（HPD 競圖）,階梯式屋頂花園、LEED Gold、棕地再利用,"透天、複層中層與 20 層塔樓環繞中庭，屋頂花園螺旋上升。基地約 60,000 sf。",,ARCHITECT Magazine,估算,ARCHITECT Magazine,ARCHITECT Magazine,"NYC ZoLa：700 Brook Avenue, Bronx",未找到圖面來源,,https://www.architectmagazine.com/projects/via-verde-by-dattner-and-grimshaw.aspx | https://www.archdaily.com/245925/via-verde-officially-opens
Share Yaraicho,Satoko Shinohara + Ayano Uchimura,2012,Tokyo,日本,東亞,Cfa,100,是,小,77,Wikipedia（77 m² footprint）,,,,,共居私人房,10,是,小,估算：依戶數、樓地板與平面比例推估,7 間私人房＋共用起居／廚浴,私人房:7戶,,無門的半戶外緩衝空間，向鄰里敞開,共用起居空間、廚房、浴室,緩衝空間對鄰里開放的程度為推定。,青年／單身、共居,私營,共居 share house、拉鍊式薄膜立面、鋼構＋合板,被視為東京第一棟新建的 share house；建築投影約 77 m²，以可拉開的半透明薄膜取代大門。,,估算（見方法說明）,估算,Domus,Domus,,推定含圖面,[推定] Domus https://domusweb.it/en/architecture/2013/01/21/share-yaraicho-shared-living.html,https://domusweb.it/en/architecture/2013/01/21/share-yaraicho-shared-living.html
40 Apartments Housing（Aspern）,SUE Architekten,2012,Vienna,奧地利,歐洲,Cfb,3900,否,中,1755,"推算（ArchDaily：建蔽率 45% × 基地約 3,900 m²）",,,,,2 房公寓,75,是,中,估算：依戶數、樓地板與平面比例推估,40 戶（18 棟連棟透天＋2 棟公寓）,連棟透天:18戶；公寓:22戶,,,連棟透天之間的花園,,一般家庭,私營（推定）,錯位配置、斜屋頂法規再詮釋,基地約 150 × 17–35 m；建蔽率 45%。,ArchDaily 於 2012 年刊登，與清單的 2014 不同。,ArchDaily,估算,ArchDaily,ArchDaily,,推定含圖面,[推定] ArchDaily https://www.archdaily.com/233534/40-x-residing-in-aspern-vienna-sue-architekten,https://www.archdaily.com/233534/40-x-residing-in-aspern-vienna-sue-architekten
Apartment in Okachimachi,Go Hasegawa & Associates,2014,Tokyo,日本,東亞,Cfa,150,是,小,,,701.8,Go Hasegawa & Associates,468,,1R／1K,30,是,小,估算：依戶數、樓地板與平面比例推估,總樓地板 701.8 m²,,戶數未查到。,,,公共設施未查到。,青年／單身,私營,狹長都市基地,官方頁面僅列總樓地板，戶型與基地面積為估算。,,估算（見方法說明）,估算,Go Hasegawa & Associates,Go Hasegawa & Associates,,推定含圖面,[推定] Go Hasegawa & Associates https://ghaa.co.jp/works/apartment-in-okachimachi/,https://ghaa.co.jp/works/apartment-in-okachimachi/
Star Apartments,Michael Maltzan Architecture,2014,Los Angeles,美國,北美,Csa,2300,是,中,,,8826,"Wikipedia（95,000 sf）",384,"事務所新聞稿記 97,000 sf。",Studio,33,否,小,美國租售面積：量至外牆或牆中心，含戶內隔間與衛浴，不含公共走廊與陽台,102 戶（平均約 350 sf）,Studio（平均約 350 sf）:102戶/33m2,,"醫療診所、洛杉磯郡衛生局 Housing for Health 總部、約 15,000 sf 健康中心",社區花園、跑道與籃球場、健身房、藝術室、圖書室、共享廚房、各層洗衣間,,無家者／支持性住宅、身心障礙,非營利（Skid Row Housing Trust）,預鑄／模組化、既有建築加建、醫療與社福設施、LEED Platinum,在既有一層商業建築上加結構平台，吊裝工廠預製的住宅模組。,,估算（見方法說明）,Michael Maltzan Architecture,Michael Maltzan Architecture,Michael Maltzan Architecture,LA ZIMAS：E 6th St 與 S Maple Ave 路口,已確認含圖面,[確認] Harvard JCHS Maltzan 講座簡報（剖面構成，PDF） https://www.jchs.harvard.edu/sites/default/files/media-files/2020-10/Michael_Maltzan_Dunlop_Lecture_2020_Presentation.pdf | [推定] Afasia（MCHAP 決選） https://afasiaarchzine.com/2016/07/michael-maltzan/,https://mmaltzan.com/projects/star-apartments | https://www.architectmagazine.com/project-gallery/star-apartments
Vanke Cloud City,WOHA,2014,Shenzhen,中國,東亞,Cwa,8086,否,中,,,150000,"The Skyscraper Museum（Gross Floor Area 150,000 m²）",1855,層數以 54 層為準（同一來源的條列文字另寫 65 層，判定為早期方案）。建築投影面積未公布；另列綠化容積率 120%、社區容積率 160%（WOHA 自訂指標）。,—（辦公塔樓）,,否,,不適用,"54 層、高 246 m，總樓地板 150,000 m²（辦公）",,,架空的地面公共廣場,空中山丘（辦公人員使用）,此案為辦公建築。,非住宅（待確認）,私營（萬科）,空中山丘 Sky Hills、亞熱帶高層,WOHA 的萬科雲城為辦公塔樓：三座塔樓以十二個 8 層高的「空中山丘」連接，作為避難層與轉乘梯廳，內含托育與員工設施。,此案經查為辦公建築，建議確認是否指同開發區的住宅，或以其他案例替換。,"The Skyscraper Museum（Plot Area 8,086 m²）",不適用,The Skyscraper Museum,The Skyscraper Museum,,不適用,,https://old.skyscraper.org/EXHIBITIONS/WOHA/vanke.php
Crest Apartments,Michael Maltzan Architecture,2016,Los Angeles（Van Nuys）,美國,北美,Csa,2800,是,中,,,4181,"Michael Maltzan Architecture（45,000 sf）",149,,Studio,35,是,小,美國租售面積：量至外牆或牆中心，含戶內隔間與衛浴，不含公共走廊與陽台,64 戶,Studio:64戶,其中 23 戶保留給退伍軍人；MCHAP 資料寫 63 戶。,,社工辦公室、共享廚房、洗衣間、會議室、住戶交誼廳、地面社區花園,,無家者／支持性住宅、退伍軍人、身心障礙,非營利（Skid Row Housing Trust）,木構＋RC 基座、透水地坪／雨水回收、LEED Platinum,"總樓地板約 4,180 m²；以開放式外廊取代陰暗的雙邊走廊。",,估算（見方法說明）,估算,Architectural Record,Architectural Record,LA ZIMAS：以案名查得地址後輸入（Van Nuys）,推定含圖面,[推定] Architectural Record https://www.architecturalrecord.com/articles/13009-crest-apartments-by-michael-maltzan-architecture | [推定] Afasia https://afasiaarchzine.com/2018/05/michael-maltzan-2,https://www.architecturalrecord.com/articles/13009-crest-apartments-by-michael-maltzan-architecture | https://www.dezeen.com/2018/07/11/michael-maltzan-architecture-crest-apartments-homeless-population-los-angeles-southern-california/
56 Leonard,Herzog & de Meuron,2017,New York,美國,北美,Cfa,1161,否,小,,,46452,"Wikipedia（500,005 sf）",4001,"開發商 Hines 記 482,000 sf。",2–5 房（每戶平面皆不同）,150,是,大,估算：依戶數、樓地板與平面比例推估,145 戶（2–5 房），60 層,公寓（2–5 房）:135戶；頂層 penthouse:10戶,"135 戶一般住宅＋10 戶頂層；單戶 1,430–6,380 sf（約 133–593 m²），各房型戶數未查到。",街角 Anish Kapoor 雕塑,23 m 泳池、健身與瑜伽室、室內外劇院、圖書交誼廳、私人餐廳、兒童遊戲室、會議中心,,高收入,私營,堆疊懸挑量體、清水混凝土、高層住宅,每戶平面不同且皆有戶外空間；頂部 10 戶閣樓。,,"CityRealty（12,500 sf 基地）",估算,Alexico Group,Dezeen,"NYC ZoLa：56 Leonard Street, Manhattan",未找到圖面來源,,https://www.dezeen.com/2017/02/01/jenga-like-56-leonard-skyscraper-tribeca-new-york-herzog-de-meuron-photographs-hufton-crow/ | https://alexicogroup.com/properties/recent-developments/56-leonard/ | https://www.cityrealty.com/nyc/tribeca/56-leonard-street/44351
11 Hoyt,Studio Gang,2021,New York（Brooklyn）,美國,北美,Cfa,6000,是,中,,,71535,"ArchDaily（770,000 sf）",1192,,1 房,70,是,中,美國租售面積：量至外牆或牆中心，含戶內隔間與衛浴，不含公共走廊與陽台,約 481–490 戶（studio–4 房，190 種平面）,,約 481–490 戶，studio 至 4 房，190 種平面，配比未查到。,,"約 27,000 sf 架空私人公園、3 樓 Park Club（健身、泳池、spa、共同工作）、32 樓 Sky Club",,高收入,私營,扇貝形預鑄混凝土立面、凸窗座、架高私人公園,由布魯克林褐石屋凸窗轉譯的立面；基地原為停車場。,,估算（見方法說明）,估算,ArchDaily,ArchDaily,"NYC ZoLa：11 Hoyt Street, Brooklyn",未找到圖面來源,,https://www.archdaily.com/918523/studio-gangs-11-hoyt-tops-out-in-brooklyn
378 West End Avenue,COOKFOX Architects,2021,New York,美國,北美,Cfa,1500,是,小,,,,,,,3 房,190,是,大,美國租售面積：量至外牆或牆中心，含戶內隔間與衛浴，不含公共走廊與陽台,58 戶（1–6 房）,,58 戶（另有來源寫 66 戶），1–6 房，配比未查到。,,健身房與泳池、籃球場、托育室、交誼廳與撞球室、私人儲藏與單車室,,高收入,私營,新舊建築結合、磚／石灰石／陶飾、健康建築（過濾系統）,18 層新塔樓結合修復的 1915 年建築。,,估算（見方法說明）,估算,New York YIMBY,New York YIMBY,"NYC ZoLa：378 West End Avenue, Manhattan",未找到圖面來源,,https://newyorkyimby.com/2021/04/cookfoxs-378-west-end-avenue-progressing-sales-launch-on-manhattans-upper-west-side.html
Share Tenjincho,Satoko Shinohara + Ayano Uchimura,2021,Tokyo,日本,東亞,Cfa,150,是,小,,,,,,,共居私人房,10,是,小,估算：依戶數、樓地板與平面比例推估,待查,,未查到。,,,公共設施未查到。,青年／單身、共居,私營,共居 share house,未找到專業網站的專案頁，數據均為參照 Share Yaraicho 的暫估值。,尚無可驗證的公開資料，請以書籍或事務所資料補齊。,估算（見方法說明）,估算,Spatial Design Studio,Spatial Design Studio,,未找到圖面來源,,http://www.s-d-s.net
"CARA（Center for Art, Research and Alliances）",6a Architects,2021,New York,美國,北美,Cfa,,否,,,,795,The Architects' Journal（Gross internal floor area 795 m²）,,1909 年鋼骨磚造倉庫（原為撲克牌倉庫）改造；中段三分之一拆除以置入新電梯與樓梯。基地與投影面積未公布。,—（藝術機構）,,否,,不適用,—（藝術中心、研究機構與出版社）,,,展覽空間（Gallery 1–3）、公共活動與講座空間、書店,,非住宅，無住戶設施。,非住宅（待確認）,非營利,既有建築改造、CMU 混凝土磚＋外露鋼構、無障礙垂直動線插入,2020 年 1 月開工、2021 年 7 月完工，2022 年秋開幕；執行建築師 20X Architects，景觀 Dan Pearson Studio。,此案為藝術機構，位於紐約 225 West 13th Street，不是倫敦的住宅案。,無資料,不適用,6a Architects,The Architects' Journal；Afasia,"NYC ZoLa：225 West 13th Street, Manhattan",推定含圖面,[推定] The Architects' Journal https://www.architectsjournal.co.uk/buildings/6a-architects-retrofit-of-new-york-arts-building | [推定] Afasia https://afasiaarchzine.com/2022/11/6a-cara-center-for-art-research-and-alliances-new-york/,https://www.architectsjournal.co.uk/buildings/6a-architects-retrofit-of-new-york-arts-building | https://www.cara-nyc.org/pages/building-place | https://6a.co.uk/
Bergen,Taller Frida Escobedo（AOR: GF55）,2024,New York（Brooklyn）,美國,北美,Cfa,4000,是,中,,,19417,"designboom（209,000 sf）",485,,2 房,100,是,大,美國租售面積：量至外牆或牆中心，含戶內隔間與衛浴，不含公共走廊與陽台,105 戶（studio–5 房）,,105 戶，studio 至 5 房，49–53 種戶型，配比未查到。,,兩翼之間的玻璃公設量體、住戶專用公園,,高收入,私營,手工幾何模組立面、75% 住戶有私人戶外空間、兩翼＋玻璃公設量體,"7 層、約 209,000 sf，以褶曲立面回應周邊透天。",,估算（見方法說明）,估算,designboom,designboom,"NYC ZoLa：323 Bergen Street, Brooklyn",未找到圖面來源,,https://www.designboom.com/architecture/frida-escobedo-bergen-brooklyn-boerum-hill-03-22-2024/ | https://www.metalocus.es/en/news/bergen-a-good-neighbour-brooklyn-frida-escobedo
144 Vanderbilt,SO–IL,2025,New York（Brooklyn）,美國,北美,Cfa,1500,是,小,,,8300,SO–IL 事務所官網,553,,2 房,117,否,大,美國租售面積：量至外牆或牆中心，含戶內隔間與衛浴，不含公共走廊與陽台,"26 戶（2–4 房），總樓地板 8,300 m²",2–4 房:26戶,各房型戶數未查到。,,"後院花園、中央庭院、架高的公共廣場（住戶共用）、約 11,000 sf 住戶公設",,高收入,私營,粉色預鑄混凝土、退縮錯層量體、階梯式花園,"2 房戶約 1,258 sf（117 m²）；2025 年 7 月入住。",正式案名為 144 Vanderbilt（清單寫作 141）。,"估算（由 SO–IL 公布之樓地板 8,300 m² 與 4–8 層量體推估）","房仲刊登資料（2 房 1,258 sf）",ArchDaily,SO–IL 事務所官網,"NYC ZoLa：144 Vanderbilt Avenue, Brooklyn",已確認含圖面,[確認] SO–IL 事務所官網（Drawings：平面與軸測） https://solidobjectives.com/work/144-vanderbilt/,https://solidobjectives.com/work/144-vanderbilt/ | https://www.archdaily.com/1021936/so-il-reveals-design-for-a-new-residential-condominium-project-in-brooklyn-new-york
